{"cameraMode":{"drawMode":0,"name":"Shaded","section":"Shading Mode"},"sceneLighting":false,"audioPlay":false,"sceneViewState":{"m_AlwaysRefresh":false,"showFog":false,"showSkybox":false,"showFlares":true,"showImageEffects":true,"showParticleSystems":true,"showVisualEffectGraphs":true,"m_FxEnabled":true},"in2DMode":false,"pivot":{"x":10.113879203796387,"y":-0.5304546356201172,"z":5.777905464172363},"rotation":{"x":0.05794341862201691,"y":0.9420331120491028,"z":-0.23753441870212556,"w":0.2298322468996048},"size":1.9404950141906739,"orthographic":false}