{"cameraMode":{"drawMode":0,"name":"Shaded","section":"Shading Mode"},"sceneLighting":false,"audioPlay":false,"sceneViewState":{"m_AlwaysRefresh":false,"showFog":true,"showSkybox":true,"showFlares":true,"showImageEffects":true,"showParticleSystems":true,"showVisualEffectGraphs":true,"m_FxEnabled":true},"in2DMode":false,"pivot":{"x":709.098876953125,"y":130.89756774902345,"z":58.0186767578125},"rotation":{"x":0.07939369976520539,"y":0.023922178894281389,"z":-0.0019057802855968476,"w":0.9965575337409973},"size":291.9874267578125,"orthographic":false}