{"cameraMode":{"drawMode":0,"name":"Shaded","section":"Shading Mode"},"sceneLighting":false,"audioPlay":false,"sceneViewState":{"m_AlwaysRefresh":false,"showFog":true,"showSkybox":true,"showFlares":true,"showImageEffects":true,"showParticleSystems":true,"showVisualEffectGraphs":true,"m_FxEnabled":true},"in2DMode":false,"pivot":{"x":0.11743754148483277,"y":0.7847917675971985,"z":4.332247734069824},"rotation":{"x":-0.044595591723918918,"y":0.8271815180778503,"z":-0.06631574779748917,"w":-0.5562410950660706},"size":1.379296064376831,"orthographic":false}