{"cameraMode":{"drawMode":0,"name":"Shaded","section":"Shading Mode"},"sceneLighting":false,"audioPlay":false,"sceneViewState":{"m_AlwaysRefresh":false,"showFog":false,"showSkybox":true,"showFlares":true,"showImageEffects":true,"showParticleSystems":true,"showVisualEffectGraphs":true,"m_FxEnabled":true},"in2DMode":false,"pivot":{"x":91.36089324951172,"y":-2.3958587646484377,"z":78.08734130859375},"rotation":{"x":0.032493241131305698,"y":0.009993073530495167,"z":-0.000333816948113963,"w":0.9994335770606995},"size":260.1067199707031,"orthographic":false}